Time,MAIN_ZONE_A_B_G_L:CHICAGO_IL_USA ANNUAL HEATING 99% DESIGN CONDITIONS DB:Des Heat Load [W],MAIN_ZONE_A_B_G_L:CHICAGO_IL_USA ANNUAL COOLING 1% DESIGN CONDITIONS DB/MCWB:Des Sens Cool Load [W],MAIN_ZONE_A_B_G_L:CHICAGO_IL_USA ANNUAL HEATING 99% DESIGN CONDITIONS DB:Des Heat Mass Flow [kg/s],MAIN_ZONE_A_B_G_L:CHICAGO_IL_USA ANNUAL COOLING 1% DESIGN CONDITIONS DB/MCWB:Des Cool Mass Flow [kg/s],MAIN_ZONE_B_C_H_G:CHICAGO_IL_USA ANNUAL HEATING 99% DESIGN CONDITIONS DB:Des Heat Load [W],MAIN_ZONE_B_C_H_G:CHICAGO_IL_USA ANNUAL COOLING 1% DESIGN CONDITIONS DB/MCWB:Des Sens Cool Load [W],MAIN_ZONE_B_C_H_G:CHICAGO_IL_USA ANNUAL HEATING 99% DESIGN CONDITIONS DB:Des Heat Mass Flow [kg/s],MAIN_ZONE_B_C_H_G:CHICAGO_IL_USA ANNUAL COOLING 1% DESIGN CONDITIONS DB/MCWB:Des Cool Mass Flow [kg/s],MAIN_ZONE_C_D_I_H:CHICAGO_IL_USA ANNUAL HEATING 99% DESIGN CONDITIONS DB:Des Heat Load [W],MAIN_ZONE_C_D_I_H:CHICAGO_IL_USA ANNUAL COOLING 1% DESIGN CONDITIONS DB/MCWB:Des Sens Cool Load [W],MAIN_ZONE_C_D_I_H:CHICAGO_IL_USA ANNUAL HEATING 99% DESIGN CONDITIONS DB:Des Heat Mass Flow [kg/s],MAIN_ZONE_C_D_I_H:CHICAGO_IL_USA ANNUAL COOLING 1% DESIGN CONDITIONS DB/MCWB:Des Cool Mass Flow [kg/s],MAIN_ZONE_D_E_J_I:CHICAGO_IL_USA ANNUAL HEATING 99% DESIGN CONDITIONS DB:Des Heat Load [W],MAIN_ZONE_D_E_J_I:CHICAGO_IL_USA ANNUAL COOLING 1% DESIGN CONDITIONS DB/MCWB:Des Sens Cool Load [W],MAIN_ZONE_D_E_J_I:CHICAGO_IL_USA ANNUAL HEATING 99% DESIGN CONDITIONS DB:Des Heat Mass Flow [kg/s],MAIN_ZONE_D_E_J_I:CHICAGO_IL_USA ANNUAL COOLING 1% DESIGN CONDITIONS DB/MCWB:Des Cool Mass Flow [kg/s],MAIN_ZONE_E_F_K_J:CHICAGO_IL_USA ANNUAL HEATING 99% DESIGN CONDITIONS DB:Des Heat Load [W],MAIN_ZONE_E_F_K_J:CHICAGO_IL_USA ANNUAL COOLING 1% DESIGN CONDITIONS DB/MCWB:Des Sens Cool Load [W],MAIN_ZONE_E_F_K_J:CHICAGO_IL_USA ANNUAL HEATING 99% DESIGN CONDITIONS DB:Des Heat Mass Flow [kg/s],MAIN_ZONE_E_F_K_J:CHICAGO_IL_USA ANNUAL COOLING 1% DESIGN CONDITIONS DB/MCWB:Des Cool Mass Flow [kg/s],MAIN_ZONE_L_K_F_A:CHICAGO_IL_USA ANNUAL HEATING 99% DESIGN CONDITIONS DB:Des Heat Load [W],MAIN_ZONE_L_K_F_A:CHICAGO_IL_USA ANNUAL COOLING 1% DESIGN CONDITIONS DB/MCWB:Des Sens Cool Load [W],MAIN_ZONE_L_K_F_A:CHICAGO_IL_USA ANNUAL HEATING 99% DESIGN CONDITIONS DB:Des Heat Mass Flow [kg/s],MAIN_ZONE_L_K_F_A:CHICAGO_IL_USA ANNUAL COOLING 1% DESIGN CONDITIONS DB/MCWB:Des Cool Mass Flow [kg/s],MAIN_ZONE_G_H_I_L:CHICAGO_IL_USA ANNUAL HEATING 99% DESIGN CONDITIONS DB:Des Heat Load [W],MAIN_ZONE_G_H_I_L:CHICAGO_IL_USA ANNUAL COOLING 1% DESIGN CONDITIONS DB/MCWB:Des Sens Cool Load [W],MAIN_ZONE_G_H_I_L:CHICAGO_IL_USA ANNUAL HEATING 99% DESIGN CONDITIONS DB:Des Heat Mass Flow [kg/s],MAIN_ZONE_G_H_I_L:CHICAGO_IL_USA ANNUAL COOLING 1% DESIGN CONDITIONS DB/MCWB:Des Cool Mass Flow [kg/s],MAIN_ZONE_I_J_K_L:CHICAGO_IL_USA ANNUAL HEATING 99% DESIGN CONDITIONS DB:Des Heat Load [W],MAIN_ZONE_I_J_K_L::Des Sens Cool Load [W],MAIN_ZONE_I_J_K_L:CHICAGO_IL_USA ANNUAL HEATING 99% DESIGN CONDITIONS DB:Des Heat Mass Flow [kg/s],MAIN_ZONE_I_J_K_L::Des Cool Mass Flow [kg/s] 
00:15:00,4.283510E+03,0.000000E+00,1.555829E-01,0.000000E+00,1.214046E+03,0.000000E+00,4.409575E-02,0.000000E+00,3.219678E+03,0.000000E+00,1.169431E-01,0.000000E+00,1.454719E+03,0.000000E+00,5.283739E-02,0.000000E+00,1.291328E+03,0.000000E+00,4.690272E-02,0.000000E+00,2.310015E+03,0.000000E+00,8.390298E-02,0.000000E+00,2.698116E+03,0.000000E+00,9.800114E-02,0.000000E+00,1.370709E+03,0.000000E+00,4.978691E-02,0.000000E+00 
00:30:00,4.287218E+03,0.000000E+00,1.557175E-01,0.000000E+00,1.214950E+03,0.000000E+00,4.412858E-02,0.000000E+00,3.222457E+03,0.000000E+00,1.170440E-01,0.000000E+00,1.455977E+03,0.000000E+00,5.288305E-02,0.000000E+00,1.292222E+03,0.000000E+00,4.693517E-02,0.000000E+00,2.312229E+03,0.000000E+00,8.398335E-02,0.000000E+00,2.701867E+03,0.000000E+00,9.813716E-02,0.000000E+00,1.372625E+03,0.000000E+00,4.985639E-02,0.000000E+00 
00:45:00,4.290720E+03,0.000000E+00,1.558447E-01,0.000000E+00,1.215803E+03,0.000000E+00,4.415954E-02,0.000000E+00,3.225081E+03,0.000000E+00,1.171393E-01,0.000000E+00,1.457164E+03,0.000000E+00,5.292614E-02,0.000000E+00,1.293064E+03,0.000000E+00,4.696576E-02,0.000000E+00,2.314321E+03,0.000000E+00,8.405930E-02,0.000000E+00,2.705408E+03,0.000000E+00,9.826556E-02,0.000000E+00,1.374438E+03,0.000000E+00,4.992215E-02,0.000000E+00 
01:00:00,4.294030E+03,0.000000E+00,1.559649E-01,0.000000E+00,1.216608E+03,0.000000E+00,4.418877E-02,0.000000E+00,3.227562E+03,0.000000E+00,1.172293E-01,0.000000E+00,1.458285E+03,0.000000E+00,5.296686E-02,0.000000E+00,1.293859E+03,0.000000E+00,4.699462E-02,0.000000E+00,2.316299E+03,0.000000E+00,8.413110E-02,0.000000E+00,2.708753E+03,0.000000E+00,9.838690E-02,0.000000E+00,1.376156E+03,0.000000E+00,4.998446E-02,0.000000E+00 
01:15:00,4.297099E+03,0.000000E+00,1.560763E-01,0.000000E+00,1.217353E+03,0.000000E+00,4.421583E-02,0.000000E+00,3.229861E+03,0.000000E+00,1.173128E-01,0.000000E+00,1.459324E+03,0.000000E+00,5.300458E-02,0.000000E+00,1.294595E+03,0.000000E+00,4.702136E-02,0.000000E+00,2.318132E+03,0.000000E+00,8.419766E-02,0.000000E+00,2.711851E+03,0.000000E+00,9.849928E-02,0.000000E+00,1.377751E+03,0.000000E+00,5.004232E-02,0.000000E+00 
01:30:00,4.299932E+03,0.000000E+00,1.561791E-01,0.000000E+00,1.218040E+03,0.000000E+00,4.424079E-02,0.000000E+00,3.231983E+03,0.000000E+00,1.173898E-01,0.000000E+00,1.460282E+03,0.000000E+00,5.303937E-02,0.000000E+00,1.295274E+03,0.000000E+00,4.704601E-02,0.000000E+00,2.319825E+03,0.000000E+00,8.425912E-02,0.000000E+00,2.714707E+03,0.000000E+00,9.860286E-02,0.000000E+00,1.379225E+03,0.000000E+00,5.009579E-02,0.000000E+00 
01:45:00,4.302570E+03,0.000000E+00,1.562749E-01,0.000000E+00,1.218680E+03,0.000000E+00,4.426400E-02,0.000000E+00,3.233959E+03,0.000000E+00,1.174616E-01,0.000000E+00,1.461175E+03,0.000000E+00,5.307176E-02,0.000000E+00,1.295906E+03,0.000000E+00,4.706894E-02,0.000000E+00,2.321402E+03,0.000000E+00,8.431638E-02,0.000000E+00,2.717366E+03,0.000000E+00,9.869928E-02,0.000000E+00,1.380600E+03,0.000000E+00,5.014568E-02,0.000000E+00 
02:00:00,4.305036E+03,0.000000E+00,1.563645E-01,0.000000E+00,1.219277E+03,0.000000E+00,4.428568E-02,0.000000E+00,3.235807E+03,0.000000E+00,1.175287E-01,0.000000E+00,1.462008E+03,0.000000E+00,5.310203E-02,0.000000E+00,1.296495E+03,0.000000E+00,4.709035E-02,0.000000E+00,2.322876E+03,0.000000E+00,8.436991E-02,0.000000E+00,2.719849E+03,0.000000E+00,9.878936E-02,0.000000E+00,1.381888E+03,0.000000E+00,5.019239E-02,0.000000E+00 
02:15:00,4.307440E+03,0.000000E+00,1.564518E-01,0.000000E+00,1.219857E+03,0.000000E+00,4.430678E-02,0.000000E+00,3.237607E+03,0.000000E+00,1.175941E-01,0.000000E+00,1.462821E+03,0.000000E+00,5.313154E-02,0.000000E+00,1.297068E+03,0.000000E+00,4.711116E-02,0.000000E+00,2.324313E+03,0.000000E+00,8.442209E-02,0.000000E+00,2.722273E+03,0.000000E+00,9.887733E-02,0.000000E+00,1.383147E+03,0.000000E+00,5.023808E-02,0.000000E+00 
02:30:00,4.309769E+03,0.000000E+00,1.565364E-01,0.000000E+00,1.220420E+03,0.000000E+00,4.432719E-02,0.000000E+00,3.239353E+03,0.000000E+00,1.176575E-01,0.000000E+00,1.463608E+03,0.000000E+00,5.316014E-02,0.000000E+00,1.297622E+03,0.000000E+00,4.713130E-02,0.000000E+00,2.325706E+03,0.000000E+00,8.447266E-02,0.000000E+00,2.724629E+03,0.000000E+00,9.896278E-02,0.000000E+00,1.384373E+03,0.000000E+00,5.028256E-02,0.000000E+00 
02:45:00,4.312005E+03,0.000000E+00,1.566176E-01,0.000000E+00,1.220958E+03,0.000000E+00,4.434675E-02,0.000000E+00,3.241029E+03,0.000000E+00,1.177183E-01,0.000000E+00,1.464364E+03,0.000000E+00,5.318758E-02,0.000000E+00,1.298153E+03,0.000000E+00,4.715058E-02,0.000000E+00,2.327042E+03,0.000000E+00,8.452118E-02,0.000000E+00,2.726894E+03,0.000000E+00,9.904497E-02,0.000000E+00,1.385555E+03,0.000000E+00,5.032544E-02,0.000000E+00 
03:00:00,4.314145E+03,0.000000E+00,1.566953E-01,0.000000E+00,1.221472E+03,0.000000E+00,4.436543E-02,0.000000E+00,3.242634E+03,0.000000E+00,1.177766E-01,0.000000E+00,1.465087E+03,0.000000E+00,5.321385E-02,0.000000E+00,1.298660E+03,0.000000E+00,4.716900E-02,0.000000E+00,2.328321E+03,0.000000E+00,8.456764E-02,0.000000E+00,2.729067E+03,0.000000E+00,9.912385E-02,0.000000E+00,1.386692E+03,0.000000E+00,5.036671E-02,0.000000E+00 
03:15:00,4.316193E+03,0.000000E+00,1.567696E-01,0.000000E+00,1.221963E+03,0.000000E+00,4.438326E-02,0.000000E+00,3.244169E+03,0.000000E+00,1.178324E-01,0.000000E+00,1.465779E+03,0.000000E+00,5.323898E-02,0.000000E+00,1.299144E+03,0.000000E+00,4.718657E-02,0.000000E+00,2.329545E+03,0.000000E+00,8.461208E-02,0.000000E+00,2.731152E+03,0.000000E+00,9.919951E-02,0.000000E+00,1.387785E+03,0.000000E+00,5.040638E-02,0.000000E+00 
03:30:00,4.318151E+03,0.000000E+00,1.568408E-01,0.000000E+00,1.222432E+03,0.000000E+00,4.440027E-02,0.000000E+00,3.245638E+03,0.000000E+00,1.178857E-01,0.000000E+00,1.466441E+03,0.000000E+00,5.326300E-02,0.000000E+00,1.299606E+03,0.000000E+00,4.720335E-02,0.000000E+00,2.330715E+03,0.000000E+00,8.465457E-02,0.000000E+00,2.733151E+03,0.000000E+00,9.927205E-02,0.000000E+00,1.388836E+03,0.000000E+00,5.044452E-02,0.000000E+00 
03:45:00,4.320023E+03,0.000000E+00,1.569087E-01,0.000000E+00,1.222879E+03,0.000000E+00,4.441650E-02,0.000000E+00,3.247044E+03,0.000000E+00,1.179368E-01,0.000000E+00,1.467073E+03,0.000000E+00,5.328597E-02,0.000000E+00,1.300047E+03,0.000000E+00,4.721935E-02,0.000000E+00,2.331834E+03,0.000000E+00,8.469519E-02,0.000000E+00,2.735068E+03,0.000000E+00,9.934163E-02,0.000000E+00,1.389846E+03,0.000000E+00,5.048118E-02,0.000000E+00 
04:00:00,4.321813E+03,0.000000E+00,1.569738E-01,0.000000E+00,1.223305E+03,0.000000E+00,4.443199E-02,0.000000E+00,3.248388E+03,0.000000E+00,1.179856E-01,0.000000E+00,1.467678E+03,0.000000E+00,5.330793E-02,0.000000E+00,1.300467E+03,0.000000E+00,4.723462E-02,0.000000E+00,2.332903E+03,0.000000E+00,8.473403E-02,0.000000E+00,2.736907E+03,0.000000E+00,9.940837E-02,0.000000E+00,1.390817E+03,0.000000E+00,5.051642E-02,0.000000E+00 
04:15:00,4.323526E+03,0.000000E+00,1.570360E-01,0.000000E+00,1.223712E+03,0.000000E+00,4.444677E-02,0.000000E+00,3.249675E+03,0.000000E+00,1.180323E-01,0.000000E+00,1.468256E+03,0.000000E+00,5.332894E-02,0.000000E+00,1.300868E+03,0.000000E+00,4.724919E-02,0.000000E+00,2.333926E+03,0.000000E+00,8.477119E-02,0.000000E+00,2.738671E+03,0.000000E+00,9.947241E-02,0.000000E+00,1.391750E+03,0.000000E+00,5.055032E-02,0.000000E+00 
04:30:00,4.325165E+03,0.000000E+00,1.570955E-01,0.000000E+00,1.224100E+03,0.000000E+00,4.446088E-02,0.000000E+00,3.250906E+03,0.000000E+00,1.180771E-01,0.000000E+00,1.468810E+03,0.000000E+00,5.334904E-02,0.000000E+00,1.301251E+03,0.000000E+00,4.726310E-02,0.000000E+00,2.334905E+03,0.000000E+00,8.480673E-02,0.000000E+00,2.740365E+03,0.000000E+00,9.953390E-02,0.000000E+00,1.392649E+03,0.000000E+00,5.058292E-02,0.000000E+00 
04:45:00,4.326734E+03,0.000000E+00,1.571525E-01,0.000000E+00,1.224471E+03,0.000000E+00,4.447435E-02,0.000000E+00,3.252086E+03,0.000000E+00,1.181199E-01,0.000000E+00,1.469339E+03,0.000000E+00,5.336828E-02,0.000000E+00,1.301617E+03,0.000000E+00,4.727639E-02,0.000000E+00,2.335841E+03,0.000000E+00,8.484074E-02,0.000000E+00,2.741992E+03,0.000000E+00,9.959296E-02,0.000000E+00,1.393513E+03,0.000000E+00,5.061431E-02,0.000000E+00 
05:00:00,4.328236E+03,0.000000E+00,1.572070E-01,0.000000E+00,1.224826E+03,0.000000E+00,4.448722E-02,0.000000E+00,3.253215E+03,0.000000E+00,1.181609E-01,0.000000E+00,1.469846E+03,0.000000E+00,5.338670E-02,0.000000E+00,1.301967E+03,0.000000E+00,4.728908E-02,0.000000E+00,2.336738E+03,0.000000E+00,8.487329E-02,0.000000E+00,2.743556E+03,0.000000E+00,9.964971E-02,0.000000E+00,1.394345E+03,0.000000E+00,5.064452E-02,0.000000E+00 
05:15:00,4.329674E+03,0.000000E+00,1.572593E-01,0.000000E+00,1.225164E+03,0.000000E+00,4.449952E-02,0.000000E+00,3.254298E+03,0.000000E+00,1.182002E-01,0.000000E+00,1.470332E+03,0.000000E+00,5.340434E-02,0.000000E+00,1.302301E+03,0.000000E+00,4.730120E-02,0.000000E+00,2.337596E+03,0.000000E+00,8.490447E-02,0.000000E+00,2.745058E+03,0.000000E+00,9.970427E-02,0.000000E+00,1.395147E+03,0.000000E+00,5.067363E-02,0.000000E+00 
05:30:00,4.331052E+03,0.000000E+00,1.573093E-01,0.000000E+00,1.225488E+03,0.000000E+00,4.451127E-02,0.000000E+00,3.255336E+03,0.000000E+00,1.182379E-01,0.000000E+00,1.470798E+03,0.000000E+00,5.342124E-02,0.000000E+00,1.302620E+03,0.000000E+00,4.731280E-02,0.000000E+00,2.338418E+03,0.000000E+00,8.493433E-02,0.000000E+00,2.746504E+03,0.000000E+00,9.975675E-02,0.000000E+00,1.395919E+03,0.000000E+00,5.070167E-02,0.000000E+00 
05:45:00,4.332374E+03,0.000000E+00,1.573573E-01,0.000000E+00,1.225797E+03,0.000000E+00,4.452251E-02,0.000000E+00,3.256331E+03,0.000000E+00,1.182741E-01,0.000000E+00,1.471244E+03,0.000000E+00,5.343745E-02,0.000000E+00,1.302925E+03,0.000000E+00,4.732388E-02,0.000000E+00,2.339206E+03,0.000000E+00,8.496294E-02,0.000000E+00,2.747895E+03,0.000000E+00,9.980725E-02,0.000000E+00,1.396664E+03,0.000000E+00,5.072871E-02,0.000000E+00 
06:00:00,4.333640E+03,0.000000E+00,1.574033E-01,0.000000E+00,1.226093E+03,0.000000E+00,4.453326E-02,0.000000E+00,3.257286E+03,0.000000E+00,1.183088E-01,0.000000E+00,1.471672E+03,0.000000E+00,5.345299E-02,0.000000E+00,1.303217E+03,0.000000E+00,4.733449E-02,0.000000E+00,2.339961E+03,0.000000E+00,8.499037E-02,0.000000E+00,2.749234E+03,0.000000E+00,9.985587E-02,0.000000E+00,1.397382E+03,0.000000E+00,5.075478E-02,0.000000E+00 
06:15:00,4.334855E+03,0.000000E+00,1.574475E-01,0.000000E+00,1.226376E+03,0.000000E+00,4.454354E-02,0.000000E+00,3.258202E+03,0.000000E+00,1.183420E-01,0.000000E+00,1.472082E+03,0.000000E+00,5.346789E-02,0.000000E+00,1.303496E+03,0.000000E+00,4.734463E-02,0.000000E+00,2.340685E+03,0.000000E+00,8.501667E-02,0.000000E+00,2.750524E+03,0.000000E+00,9.990271E-02,0.000000E+00,1.398075E+03,0.000000E+00,5.077993E-02,0.000000E+00 
06:30:00,4.336021E+03,0.000000E+00,1.574898E-01,0.000000E+00,1.226647E+03,0.000000E+00,4.455339E-02,0.000000E+00,3.259082E+03,0.000000E+00,1.183740E-01,0.000000E+00,1.472476E+03,0.000000E+00,5.348220E-02,0.000000E+00,1.303764E+03,0.000000E+00,4.735435E-02,0.000000E+00,2.341380E+03,0.000000E+00,8.504189E-02,0.000000E+00,2.751767E+03,0.000000E+00,9.994784E-02,0.000000E+00,1.398743E+03,0.000000E+00,5.080421E-02,0.000000E+00 
06:45:00,4.337140E+03,0.000000E+00,1.575305E-01,0.000000E+00,1.226907E+03,0.000000E+00,4.456281E-02,0.000000E+00,3.259927E+03,0.000000E+00,1.184047E-01,0.000000E+00,1.472854E+03,0.000000E+00,5.349593E-02,0.000000E+00,1.304020E+03,2.526866E+01,4.736365E-02,2.518009E-03,2.342046E+03,0.000000E+00,8.506610E-02,0.000000E+00,2.752965E+03,0.000000E+00,9.999134E-02,0.000000E+00,1.399389E+03,0.000000E+00,5.082765E-02,0.000000E+00 
07:00:00,4.338215E+03,0.000000E+00,1.575695E-01,0.000000E+00,1.227155E+03,0.000000E+00,4.457184E-02,0.000000E+00,3.260738E+03,0.000000E+00,1.184342E-01,0.000000E+00,1.473217E+03,0.000000E+00,5.350913E-02,0.000000E+00,1.304265E+03,6.435717E+01,4.737256E-02,6.352674E-03,2.342686E+03,0.000000E+00,8.508933E-02,0.000000E+00,2.754121E+03,0.000000E+00,1.000333E-01,0.000000E+00,1.400012E+03,0.000000E+00,5.085029E-02,0.000000E+00 
07:15:00,4.339247E+03,0.000000E+00,1.576070E-01,0.000000E+00,1.227394E+03,0.000000E+00,4.458049E-02,0.000000E+00,3.261519E+03,0.000000E+00,1.184625E-01,0.000000E+00,1.473566E+03,0.000000E+00,5.352180E-02,0.000000E+00,1.304500E+03,1.082958E+02,4.738110E-02,1.066194E-02,2.343300E+03,0.000000E+00,8.511164E-02,0.000000E+00,2.755236E+03,0.000000E+00,1.000738E-01,0.000000E+00,1.400615E+03,0.000000E+00,5.087216E-02,0.000000E+00 
07:30:00,4.340239E+03,0.000000E+00,1.576430E-01,0.000000E+00,1.227622E+03,0.000000E+00,4.458879E-02,0.000000E+00,3.262269E+03,0.000000E+00,1.184897E-01,0.000000E+00,1.473902E+03,0.000000E+00,5.353398E-02,0.000000E+00,1.304726E+03,1.654332E+02,4.738929E-02,1.626563E-02,2.343890E+03,0.000000E+00,8.513306E-02,0.000000E+00,2.756312E+03,0.000000E+00,1.001129E-01,0.000000E+00,1.401197E+03,0.000000E+00,5.089330E-02,0.000000E+00 
07:45:00,4.341192E+03,0.000000E+00,1.576776E-01,0.000000E+00,1.227841E+03,0.000000E+00,4.459674E-02,0.000000E+00,3.262990E+03,0.000000E+00,1.185159E-01,0.000000E+00,1.474224E+03,0.000000E+00,5.354570E-02,0.000000E+00,1.304942E+03,2.070297E+02,4.739714E-02,2.030543E-02,2.344457E+03,0.000000E+00,8.515365E-02,0.000000E+00,2.757351E+03,0.000000E+00,1.001506E-01,0.000000E+00,1.401760E+03,0.000000E+00,5.091374E-02,0.000000E+00 
08:00:00,4.342108E+03,0.000000E+00,1.577109E-01,0.000000E+00,1.228051E+03,0.000000E+00,4.460436E-02,0.000000E+00,3.263684E+03,6.275705E+00,1.185411E-01,6.193660E-04,1.474534E+03,0.000000E+00,5.355696E-02,0.000000E+00,1.305149E+03,2.427672E+02,4.740467E-02,2.380936E-02,2.345001E+03,0.000000E+00,8.517343E-02,0.000000E+00,2.758355E+03,0.000000E+00,1.001871E-01,0.000000E+00,1.402304E+03,0.000000E+00,5.093351E-02,0.000000E+00 
08:15:00,4.038762E+03,0.000000E+00,1.466930E-01,0.000000E+00,1.154683E+03,0.000000E+00,4.193955E-02,0.000000E+00,3.033518E+03,2.481543E+02,1.101812E-01,2.434138E-02,1.369917E+03,0.000000E+00,4.975712E-02,0.000000E+00,1.231703E+03,3.508450E+02,4.473701E-02,3.440921E-02,2.167396E+03,0.000000E+00,7.872258E-02,0.000000E+00,2.424941E+03,0.000000E+00,8.807703E-02,0.000000E+00,1.235775E+03,0.000000E+00,4.488496E-02,0.000000E+00 
08:30:00,3.724671E+03,5.158466E+01,1.352847E-01,5.083965E-03,1.078675E+03,0.000000E+00,3.917883E-02,0.000000E+00,2.795202E+03,5.023021E+02,1.015253E-01,4.926821E-02,1.261579E+03,0.000000E+00,4.582213E-02,0.000000E+00,1.155613E+03,4.533286E+02,4.197333E-02,4.446055E-02,1.983547E+03,0.000000E+00,7.204493E-02,0.000000E+00,2.080242E+03,0.000000E+00,7.555708E-02,0.000000E+00,1.063608E+03,0.000000E+00,3.863161E-02,0.000000E+00 
08:45:00,3.403617E+03,1.542902E+02,1.236238E-01,1.515629E-02,1.000966E+03,1.498925E+01,3.635641E-02,1.470259E-03,2.551597E+03,7.688454E+02,9.267734E-02,7.541093E-02,1.150822E+03,0.000000E+00,4.179936E-02,0.000000E+00,1.077826E+03,5.522291E+02,3.914805E-02,5.416043E-02,1.795650E+03,0.000000E+00,6.522033E-02,0.000000E+00,1.728132E+03,0.000000E+00,6.276796E-02,0.000000E+00,8.876869E+02,0.000000E+00,3.224192E-02,0.000000E+00 
09:00:00,3.077003E+03,1.600288E+02,1.117612E-01,1.571908E-02,9.219040E+02,1.498925E+01,3.348492E-02,1.470259E-03,2.303772E+03,1.035895E+03,8.367632E-02,1.016020E-01,1.038138E+03,0.000000E+00,3.770667E-02,0.000000E+00,9.986861E+02,6.479401E+02,3.627378E-02,6.354840E-02,1.604515E+03,0.000000E+00,5.827826E-02,0.000000E+00,1.370098E+03,0.000000E+00,4.976376E-02,0.000000E+00,7.087582E+02,0.000000E+00,2.574303E-02,0.000000E+00 
09:15:00,3.049896E+03,2.098435E+02,1.107773E-01,2.060427E-02,9.152627E+02,1.668493E+01,3.324395E-02,1.637014E-03,2.283200E+03,1.071028E+03,8.292964E-02,1.050521E-01,1.028738E+03,0.000000E+00,3.736547E-02,0.000000E+00,9.920442E+02,6.700473E+02,3.603283E-02,6.571770E-02,1.588755E+03,0.000000E+00,5.770618E-02,0.000000E+00,1.341426E+03,0.000000E+00,4.872249E-02,0.000000E+00,6.943375E+02,0.000000E+00,2.521932E-02,0.000000E+00 
09:30:00,3.029374E+03,2.175742E+02,1.100329E-01,2.133735E-02,9.102499E+02,2.822316E+01,3.306223E-02,2.768545E-03,2.267626E+03,1.094567E+03,8.236470E-02,1.073635E-01,1.021623E+03,0.000000E+00,3.710738E-02,0.000000E+00,9.870343E+02,6.857263E+02,3.585126E-02,6.725640E-02,1.576807E+03,0.000000E+00,5.727269E-02,0.000000E+00,1.319636E+03,0.000000E+00,4.793125E-02,0.000000E+00,6.833233E+02,0.000000E+00,2.481938E-02,0.000000E+00 
09:45:00,3.012103E+03,1.826157E+02,1.094066E-01,1.790905E-02,9.060342E+02,2.552176E+01,3.290945E-02,2.503378E-03,2.254531E+03,1.106839E+03,8.188984E-02,1.085694E-01,1.015650E+03,0.000000E+00,3.689076E-02,0.000000E+00,9.828195E+02,6.960633E+02,3.569856E-02,6.827110E-02,1.566735E+03,0.000000E+00,5.690733E-02,0.000000E+00,1.301352E+03,0.000000E+00,4.726736E-02,0.000000E+00,6.740869E+02,0.000000E+00,2.448401E-02,0.000000E+00 
10:00:00,2.997037E+03,2.521417E+02,1.088603E-01,2.472758E-02,9.023556E+02,4.125746E+01,3.277615E-02,4.046617E-03,2.243120E+03,1.111797E+03,8.147606E-02,1.090551E-01,1.010452E+03,0.000000E+00,3.670229E-02,0.000000E+00,9.791405E+02,7.012080E+02,3.556527E-02,6.877558E-02,1.557933E+03,0.000000E+00,5.658808E-02,0.000000E+00,1.285482E+03,0.000000E+00,4.669116E-02,0.000000E+00,6.660844E+02,0.000000E+00,2.419346E-02,0.000000E+00 
10:15:00,2.983631E+03,2.844205E+02,1.083742E-01,2.789350E-02,8.990801E+02,5.798762E+01,3.265742E-02,5.686962E-03,2.232978E+03,1.110668E+03,8.110826E-02,1.089432E-01,1.005839E+03,0.000000E+00,3.653497E-02,0.000000E+00,9.758640E+02,7.010094E+02,3.544654E-02,6.875585E-02,1.550087E+03,0.000000E+00,5.630350E-02,0.000000E+00,1.271451E+03,0.000000E+00,4.618173E-02,0.000000E+00,6.590219E+02,0.000000E+00,2.393704E-02,0.000000E+00 
10:30:00,2.971540E+03,3.135498E+02,1.079357E-01,3.075051E-02,8.961234E+02,6.741522E+01,3.255024E-02,6.611672E-03,2.223841E+03,1.104770E+03,8.077686E-02,1.083634E-01,1.001687E+03,0.000000E+00,3.638438E-02,0.000000E+00,9.729070E+02,6.966529E+02,3.533936E-02,6.832829E-02,1.542999E+03,0.000000E+00,5.604637E-02,0.000000E+00,1.258883E+03,0.000000E+00,4.572539E-02,0.000000E+00,6.527045E+02,0.000000E+00,2.370767E-02,0.000000E+00 
10:45:00,2.960572E+03,3.402290E+02,1.075379E-01,3.336728E-02,8.934394E+02,7.848877E+01,3.245291E-02,7.697802E-03,2.215561E+03,1.092034E+03,8.047654E-02,1.071129E-01,9.979275E+02,3.975896E+00,3.624804E-02,3.904157E-04,9.702235E+02,6.873529E+02,3.524207E-02,6.741590E-02,1.536560E+03,0.000000E+00,5.581275E-02,0.000000E+00,1.247560E+03,0.000000E+00,4.531429E-02,0.000000E+00,6.470187E+02,0.000000E+00,2.350124E-02,0.000000E+00 
11:00:00,2.950549E+03,3.650770E+02,1.071743E-01,3.580449E-02,8.909851E+02,8.839099E+01,3.236391E-02,8.669094E-03,2.208002E+03,1.072652E+03,8.020233E-02,1.052107E-01,9.944983E+02,1.166775E+01,3.612364E-02,1.144751E-03,9.677709E+02,6.732854E+02,3.515313E-02,6.603591E-02,1.530665E+03,0.000000E+00,5.559891E-02,0.000000E+00,1.237280E+03,0.000000E+00,4.494105E-02,0.000000E+00,6.418587E+02,0.000000E+00,2.331389E-02,0.000000E+00 
11:15:00,2.941332E+03,3.882137E+02,1.068399E-01,3.807390E-02,8.887271E+02,9.765697E+01,3.228201E-02,9.578004E-03,2.201056E+03,1.046945E+03,7.995035E-02,1.026883E-01,9.913493E+02,2.203168E+01,3.600940E-02,2.161156E-03,9.655158E+02,6.547094E+02,3.507134E-02,6.421374E-02,1.525237E+03,0.000000E+00,5.540195E-02,0.000000E+00,1.227882E+03,0.000000E+00,4.459982E-02,0.000000E+00,6.371411E+02,0.000000E+00,2.314261E-02,0.000000E+00 
11:30:00,2.932816E+03,4.099039E+02,1.065309E-01,4.020146E-02,8.866404E+02,1.063433E+02,3.220631E-02,1.043007E-02,2.194643E+03,1.015765E+03,7.971771E-02,9.962929E-02,9.884436E+02,3.580338E+01,3.590398E-02,3.511789E-03,9.634334E+02,6.322391E+02,3.499581E-02,6.200964E-02,1.520214E+03,2.185373E+00,5.521971E-02,2.148280E-04,1.219244E+03,0.000000E+00,4.428621E-02,0.000000E+00,6.328030E+02,0.000000E+00,2.298511E-02,0.000000E+00 
11:45:00,2.924877E+03,4.303509E+02,1.062429E-01,4.220711E-02,8.846952E+02,1.145129E+02,3.213574E-02,1.123148E-02,2.188670E+03,9.806088E+02,7.950098E-02,9.618030E-02,9.857375E+02,4.851219E+01,3.580580E-02,4.757731E-03,9.614940E+02,6.068916E+02,3.492545E-02,5.952337E-02,1.515526E+03,1.354908E+01,5.504958E-02,1.329245E-03,1.211225E+03,0.000000E+00,4.399507E-02,0.000000E+00,6.287720E+02,0.000000E+00,2.283876E-02,0.000000E+00 
12:00:00,2.917458E+03,4.497350E+02,1.059737E-01,4.410853E-02,8.828778E+02,1.222213E+02,3.206980E-02,1.198766E-02,2.183091E+03,9.440374E+02,7.929855E-02,9.259265E-02,9.832107E+02,6.028572E+01,3.571411E-02,5.912504E-03,9.596838E+02,5.803474E+02,3.485977E-02,5.691976E-02,1.511139E+03,2.759834E+01,5.489040E-02,2.707086E-03,1.203758E+03,0.000000E+00,4.372396E-02,0.000000E+00,6.250133E+02,0.000000E+00,2.270229E-02,0.000000E+00 
12:15:00,2.910518E+03,4.683942E+02,1.057219E-01,4.593887E-02,8.811780E+02,1.295842E+02,3.200812E-02,1.270994E-02,2.177875E+03,9.108209E+02,7.910926E-02,8.933419E-02,9.808483E+02,7.198947E+01,3.562839E-02,7.060476E-03,9.579925E+02,5.555934E+02,3.479839E-02,5.449177E-02,1.507031E+03,4.794721E+01,5.474130E-02,4.702770E-03,1.196792E+03,0.000000E+00,4.347105E-02,0.000000E+00,6.215012E+02,0.000000E+00,2.257478E-02,0.000000E+00 
12:30:00,2.904015E+03,4.899667E+02,1.054859E-01,4.805494E-02,8.795861E+02,1.366552E+02,3.195034E-02,1.340360E-02,2.172989E+03,8.859118E+02,7.893196E-02,8.689068E-02,9.786360E+02,8.279493E+01,3.554810E-02,8.120388E-03,9.564100E+02,5.358273E+02,3.474096E-02,5.255304E-02,1.503177E+03,7.103303E+01,5.460144E-02,6.966454E-03,1.190280E+03,0.000000E+00,4.323462E-02,0.000000E+00,6.182117E+02,0.000000E+00,2.245535E-02,0.000000E+00 
12:45:00,2.897914E+03,5.194682E+02,1.052644E-01,5.094874E-02,8.780931E+02,1.434798E+02,3.189616E-02,1.407308E-02,2.168407E+03,8.698875E+02,7.876564E-02,8.531879E-02,9.765611E+02,9.311512E+01,3.547280E-02,9.132734E-03,9.549273E+02,5.215933E+02,3.468714E-02,5.115697E-02,1.499557E+03,8.962584E+01,5.447007E-02,8.790144E-03,1.184181E+03,0.000000E+00,4.301316E-02,0.000000E+00,6.151242E+02,0.000000E+00,2.234325E-02,0.000000E+00 
13:00:00,2.892180E+03,5.604816E+02,1.050563E-01,5.497176E-02,8.766913E+02,1.500853E+02,3.184527E-02,1.472108E-02,2.164102E+03,8.620363E+02,7.860941E-02,8.454868E-02,9.746123E+02,1.030070E+02,3.540207E-02,1.010309E-02,9.535363E+02,5.125622E+02,3.463665E-02,5.027125E-02,1.496153E+03,1.099162E+02,5.434651E-02,1.078038E-02,1.178457E+03,0.000000E+00,4.280535E-02,0.000000E+00,6.122204E+02,0.000000E+00,2.223783E-02,0.000000E+00 
13:15:00,2.886786E+03,6.146608E+02,1.048605E-01,6.028632E-02,8.753736E+02,1.564600E+02,3.179744E-02,1.534642E-02,2.160053E+03,8.592395E+02,7.846246E-02,8.427443E-02,9.727798E+02,1.124952E+02,3.533555E-02,1.103388E-02,9.522298E+02,5.069398E+02,3.458922E-02,4.971990E-02,1.492948E+03,1.279483E+02,5.423017E-02,1.254924E-02,1.173076E+03,0.000000E+00,4.261000E-02,0.000000E+00,6.094848E+02,0.000000E+00,2.213850E-02,0.000000E+00 
13:30:00,2.881705E+03,6.802654E+02,1.046761E-01,6.672180E-02,8.741338E+02,1.625979E+02,3.175243E-02,1.594854E-02,2.156241E+03,8.575936E+02,7.832407E-02,8.411311E-02,9.710545E+02,1.215974E+02,3.527293E-02,1.192683E-02,9.510013E+02,5.023038E+02,3.454463E-02,4.926532E-02,1.489927E+03,1.448180E+02,5.412050E-02,1.420413E-02,1.168011E+03,0.000000E+00,4.242611E-02,0.000000E+00,6.069033E+02,0.000000E+00,2.204478E-02,0.000000E+00 
13:45:00,2.876915E+03,7.536368E+02,1.045022E-01,7.391940E-02,8.729661E+02,1.684815E+02,3.171004E-02,1.652571E-02,2.152647E+03,8.567879E+02,7.819361E-02,8.403419E-02,9.694285E+02,1.303158E+02,3.521390E-02,1.278213E-02,9.498451E+02,4.983701E+02,3.450265E-02,4.887960E-02,1.487076E+03,1.604809E+02,5.401702E-02,1.574070E-02,1.163236E+03,0.000000E+00,4.225274E-02,0.000000E+00,6.044637E+02,0.000000E+00,2.195620E-02,0.000000E+00 
14:00:00,2.872394E+03,8.321174E+02,1.043381E-01,8.161842E-02,8.718654E+02,1.740930E+02,3.167008E-02,1.707617E-02,2.149255E+03,8.565376E+02,7.807049E-02,8.400975E-02,9.678945E+02,1.386516E+02,3.515822E-02,1.359991E-02,9.487558E+02,4.949180E+02,3.446309E-02,4.854111E-02,1.484384E+03,1.749732E+02,5.391930E-02,1.716247E-02,1.158728E+03,0.000000E+00,4.208907E-02,0.000000E+00,6.021549E+02,0.000000E+00,2.187238E-02,0.000000E+00 
14:15:00,2.868123E+03,9.140469E+02,1.041830E-01,8.965595E-02,8.708269E+02,1.793588E+02,3.163237E-02,1.759272E-02,2.146052E+03,8.565021E+02,7.795418E-02,8.400636E-02,9.664459E+02,1.465409E+02,3.510563E-02,1.437389E-02,9.477286E+02,4.917114E+02,3.442580E-02,4.822668E-02,1.481840E+03,1.882628E+02,5.382693E-02,1.846629E-02,1.154467E+03,0.000000E+00,4.193437E-02,0.000000E+00,5.999672E+02,0.000000E+00,2.179295E-02,0.000000E+00 
14:30:00,2.864084E+03,9.973117E+02,1.040364E-01,9.782466E-02,8.698464E+02,1.842478E+02,3.159677E-02,1.807229E-02,2.143023E+03,8.565043E+02,7.784421E-02,8.400665E-02,9.650766E+02,1.539682E+02,3.505592E-02,1.510256E-02,9.467591E+02,4.886199E+02,3.439060E-02,4.792352E-02,1.479433E+03,2.003697E+02,5.373954E-02,1.965410E-02,1.150435E+03,0.000000E+00,4.178795E-02,0.000000E+00,5.978915E+02,0.000000E+00,2.171759E-02,0.000000E+00 
14:45:00,2.860262E+03,1.079483E+03,1.038976E-01,1.058862E-01,8.689198E+02,1.887420E+02,3.156313E-02,1.851313E-02,2.140156E+03,8.563901E+02,7.774013E-02,8.399552E-02,9.637813E+02,1.609210E+02,3.500889E-02,1.578466E-02,9.458435E+02,4.855333E+02,3.435735E-02,4.762084E-02,1.477154E+03,2.113325E+02,5.365680E-02,2.072967E-02,1.146614E+03,0.000000E+00,4.164923E-02,0.000000E+00,5.959200E+02,0.000000E+00,2.164601E-02,0.000000E+00 
15:00:00,2.856642E+03,1.156902E+03,1.037662E-01,1.134816E-01,8.680437E+02,1.928171E+02,3.153131E-02,1.891284E-02,2.137441E+03,8.560297E+02,7.764155E-02,8.396023E-02,9.625549E+02,1.673794E+02,3.496436E-02,1.641825E-02,9.449779E+02,4.823617E+02,3.432591E-02,4.730980E-02,1.474994E+03,2.212031E+02,5.357840E-02,2.169807E-02,1.142989E+03,0.000000E+00,4.151764E-02,0.000000E+00,5.940454E+02,0.000000E+00,2.157795E-02,0.000000E+00 
15:15:00,2.853211E+03,1.231498E+03,1.036416E-01,1.208002E-01,8.672146E+02,1.961880E+02,3.150120E-02,1.924347E-02,2.134867E+03,8.547206E+02,7.754809E-02,8.383188E-02,9.613928E+02,1.730198E+02,3.492217E-02,1.697159E-02,9.441590E+02,4.786610E+02,3.429618E-02,4.694687E-02,1.472947E+03,2.300396E+02,5.350407E-02,2.256501E-02,1.139548E+03,0.000000E+00,4.139270E-02,0.000000E+00,5.922609E+02,0.000000E+00,2.151316E-02,0.000000E+00 
15:30:00,2.849956E+03,1.300590E+03,1.035234E-01,1.275786E-01,8.664295E+02,1.990377E+02,3.147269E-02,1.952297E-02,2.132425E+03,8.527999E+02,7.745943E-02,8.364352E-02,9.602907E+02,1.780510E+02,3.488215E-02,1.746515E-02,9.433838E+02,4.746104E+02,3.426803E-02,4.654960E-02,1.471004E+03,2.379578E+02,5.343353E-02,2.334185E-02,1.136277E+03,0.000000E+00,4.127393E-02,0.000000E+00,5.905606E+02,0.000000E+00,2.145142E-02,0.000000E+00 
15:45:00,2.846957E+03,1.362685E+03,1.034146E-01,1.336702E-01,8.657076E+02,2.013671E+02,3.144648E-02,1.975141E-02,2.130175E+03,8.502078E+02,7.737775E-02,8.338930E-02,9.592764E+02,1.824849E+02,3.484532E-02,1.790009E-02,9.426708E+02,4.701743E+02,3.424213E-02,4.611452E-02,1.469214E+03,2.451472E+02,5.336854E-02,2.404715E-02,1.133262E+03,0.000000E+00,4.116447E-02,0.000000E+00,5.889894E+02,0.000000E+00,2.139438E-02,0.000000E+00 
16:00:00,2.844181E+03,1.421216E+03,1.033137E-01,1.394120E-01,8.650402E+02,2.031766E+02,3.142224E-02,1.992885E-02,2.128093E+03,8.468926E+02,7.730212E-02,8.306415E-02,9.583378E+02,1.863268E+02,3.481124E-02,1.827695E-02,9.420116E+02,4.653161E+02,3.421819E-02,4.563802E-02,1.467557E+03,2.519158E+02,5.330836E-02,2.471116E-02,1.130468E+03,0.000000E+00,4.106303E-02,0.000000E+00,5.875302E+02,0.000000E+00,2.134140E-02,0.000000E+00 
16:15:00,2.841587E+03,1.474554E+03,1.032195E-01,1.446435E-01,8.644176E+02,2.048099E+02,3.139963E-02,2.008901E-02,2.126146E+03,8.435765E+02,7.723144E-02,8.273889E-02,9.574609E+02,1.899695E+02,3.477940E-02,1.863424E-02,9.413966E+02,4.604735E+02,3.419586E-02,4.516306E-02,1.466007E+03,2.587077E+02,5.325211E-02,2.537742E-02,1.127854E+03,0.000000E+00,4.096812E-02,0.000000E+00,5.861620E+02,0.000000E+00,2.129172E-02,0.000000E+00 
16:30:00,2.839155E+03,1.524790E+03,1.031312E-01,1.495701E-01,8.638347E+02,2.063838E+02,3.137846E-02,2.024333E-02,2.124321E+03,8.397771E+02,7.716517E-02,8.236624E-02,9.566391E+02,1.935165E+02,3.474956E-02,1.898214E-02,9.408210E+02,4.553686E+02,3.417495E-02,4.466237E-02,1.464555E+03,2.659234E+02,5.319937E-02,2.608527E-02,1.125398E+03,0.000000E+00,4.087898E-02,0.000000E+00,5.848745E+02,0.000000E+00,2.124498E-02,0.000000E+00 
16:45:00,2.836778E+03,1.574531E+03,1.030449E-01,1.544478E-01,8.632660E+02,2.082445E+02,3.135781E-02,2.042579E-02,2.122537E+03,8.348387E+02,7.710038E-02,8.188187E-02,9.558355E+02,1.972986E+02,3.472038E-02,1.935308E-02,9.402599E+02,4.495536E+02,3.415457E-02,4.409203E-02,1.463136E+03,2.733897E+02,5.314783E-02,2.681768E-02,1.122989E+03,6.943017E+00,4.079151E-02,6.812093E-04,5.836096E+02,0.000000E+00,2.119905E-02,0.000000E+00 
17:00:00,2.834469E+03,1.620618E+03,1.029611E-01,1.589666E-01,8.627145E+02,2.109833E+02,3.133778E-02,2.069439E-02,2.120803E+03,8.291591E+02,7.703741E-02,8.132478E-02,9.550545E+02,2.018050E+02,3.469202E-02,1.979508E-02,9.397160E+02,4.432673E+02,3.413482E-02,4.347547E-02,1.461757E+03,2.810555E+02,5.309776E-02,2.756966E-02,1.120638E+03,1.816783E+01,4.070616E-02,1.782016E-03,5.823731E+02,0.000000E+00,2.115416E-02,0.000000E+00 
17:15:00,2.832247E+03,1.661527E+03,1.028804E-01,1.629777E-01,8.621849E+02,2.148160E+02,3.131855E-02,2.107030E-02,2.119133E+03,8.227039E+02,7.697679E-02,8.069162E-02,9.543031E+02,2.071868E+02,3.466473E-02,2.032295E-02,9.391938E+02,4.364916E+02,3.411585E-02,4.281089E-02,1.460430E+03,2.886507E+02,5.304958E-02,2.831472E-02,1.118367E+03,3.405479E+01,4.062370E-02,3.340053E-03,5.811758E+02,0.000000E+00,2.111069E-02,0.000000E+00 
17:30:00,2.830114E+03,1.696576E+03,1.028029E-01,1.664139E-01,8.616779E+02,2.195147E+02,3.130013E-02,2.153119E-02,2.117530E+03,8.154268E+02,7.691858E-02,7.997785E-02,9.535818E+02,2.131316E+02,3.463854E-02,2.090608E-02,9.386937E+02,4.291899E+02,3.409769E-02,4.209473E-02,1.459157E+03,2.957862E+02,5.300335E-02,2.901467E-02,1.116178E+03,5.512200E+01,4.054420E-02,5.406147E-03,5.800191E+02,0.000000E+00,2.106870E-02,0.000000E+00 
17:45:00,2.828069E+03,1.723492E+03,1.027286E-01,1.690526E-01,8.611927E+02,2.247102E+02,3.128251E-02,2.204084E-02,2.115993E+03,8.078587E+02,7.686273E-02,7.923554E-02,9.528901E+02,2.191208E+02,3.461342E-02,2.149356E-02,9.382153E+02,4.217109E+02,3.408031E-02,4.136117E-02,1.457936E+03,3.025314E+02,5.295901E-02,2.967631E-02,1.114068E+03,7.384132E+01,4.046763E-02,7.241723E-03,5.789026E+02,0.000000E+00,2.102816E-02,0.000000E+00 
18:00:00,2.826108E+03,1.741903E+03,1.026574E-01,1.708571E-01,8.607288E+02,2.295205E+02,3.126566E-02,2.251271E-02,2.114518E+03,7.994635E+02,7.680916E-02,7.841210E-02,9.522269E+02,2.241273E+02,3.458933E-02,2.198465E-02,9.377578E+02,4.137095E+02,3.406370E-02,4.057639E-02,1.456766E+03,3.086679E+02,5.291652E-02,3.027823E-02,1.112037E+03,9.268023E+01,4.039388E-02,9.089400E-03,5.778253E+02,0.000000E+00,2.098904E-02,0.000000E+00 
18:15:00,3.128119E+03,1.458494E+03,1.136279E-01,1.430566E-01,9.337790E+02,1.739885E+02,3.391918E-02,1.706583E-02,2.343678E+03,5.964178E+02,8.513335E-02,5.849718E-02,1.056388E+03,1.700172E+02,3.837297E-02,1.667699E-02,1.010893E+03,3.351206E+02,3.672029E-02,3.286829E-02,1.633571E+03,2.337737E+02,5.933892E-02,2.293160E-02,1.443979E+03,7.679328E+01,5.245147E-02,7.531363E-03,7.436023E+02,0.000000E+00,2.701079E-02,0.000000E+00 
18:30:00,3.440263E+03,1.150709E+03,1.249679E-01,1.128648E-01,1.009356E+03,1.171161E+02,3.666483E-02,1.148745E-02,2.580516E+03,3.953578E+02,9.373755E-02,3.877703E-02,1.164054E+03,1.143875E+02,4.228441E-02,1.122026E-02,1.086568E+03,2.544373E+02,3.946949E-02,2.495466E-02,1.816214E+03,1.572564E+02,6.597428E-02,1.542576E-02,1.785471E+03,5.572607E+01,6.485831E-02,5.465269E-03,9.141870E+02,0.000000E+00,3.320831E-02,0.000000E+00 
18:45:00,3.759667E+03,8.111678E+02,1.365714E-01,7.955890E-02,1.086692E+03,5.899714E+01,3.947426E-02,5.786793E-03,2.822869E+03,1.964780E+02,1.025419E-01,1.927073E-02,1.274242E+03,5.750634E+01,4.628738E-02,5.640792E-03,1.163995E+03,1.718236E+02,4.228221E-02,1.685174E-02,2.003101E+03,7.927332E+01,7.276366E-02,7.776153E-03,2.135156E+03,3.006373E+01,7.756268E-02,2.948483E-03,1.088895E+03,0.000000E+00,3.955557E-02,0.000000E+00 
19:00:00,4.084637E+03,4.361933E+02,1.483763E-01,4.277852E-02,1.165388E+03,0.000000E+00,4.233287E-02,0.000000E+00,3.069447E+03,0.000000E+00,1.114992E-01,0.000000E+00,1.386359E+03,0.000000E+00,5.036019E-02,0.000000E+00,1.242781E+03,8.768421E+01,4.514407E-02,8.599245E-03,2.193223E+03,0.000000E+00,7.967022E-02,0.000000E+00,2.490630E+03,0.000000E+00,9.047701E-02,0.000000E+00,1.266544E+03,0.000000E+00,4.600950E-02,0.000000E+00 
19:15:00,4.110507E+03,3.307596E+02,1.493159E-01,3.243754E-02,1.171754E+03,0.000000E+00,4.256396E-02,0.000000E+00,3.089083E+03,0.000000E+00,1.122123E-01,0.000000E+00,1.395336E+03,0.000000E+00,5.068624E-02,0.000000E+00,1.249159E+03,7.287779E+01,4.537549E-02,7.147046E-03,2.208214E+03,0.000000E+00,8.021482E-02,0.000000E+00,2.517302E+03,0.000000E+00,9.144753E-02,0.000000E+00,1.279958E+03,0.000000E+00,4.649756E-02,0.000000E+00 
19:30:00,4.130522E+03,2.296029E+02,1.500406E-01,2.251706E-02,1.176634E+03,0.000000E+00,4.274053E-02,0.000000E+00,3.104284E+03,0.000000E+00,1.127628E-01,0.000000E+00,1.402286E+03,0.000000E+00,5.093791E-02,0.000000E+00,1.254035E+03,5.955976E+01,4.555186E-02,5.840955E-03,2.219871E+03,0.000000E+00,8.063707E-02,0.000000E+00,2.538963E+03,0.000000E+00,9.223328E-02,0.000000E+00,1.290861E+03,0.000000E+00,4.689304E-02,0.000000E+00 
19:45:00,4.147104E+03,1.454429E+02,1.506405E-01,1.426348E-02,1.180686E+03,0.000000E+00,4.288699E-02,0.000000E+00,3.116865E+03,0.000000E+00,1.132179E-01,0.000000E+00,1.408030E+03,0.000000E+00,5.114572E-02,0.000000E+00,1.258087E+03,4.785045E+01,4.569831E-02,4.692635E-03,2.229527E+03,0.000000E+00,8.098652E-02,0.000000E+00,2.556480E+03,0.000000E+00,9.286829E-02,0.000000E+00,1.299685E+03,0.000000E+00,4.721292E-02,0.000000E+00 
20:00:00,4.161587E+03,8.651680E+01,1.511644E-01,8.484572E-03,1.184220E+03,0.000000E+00,4.301475E-02,0.000000E+00,3.127843E+03,0.000000E+00,1.136151E-01,0.000000E+00,1.413034E+03,0.000000E+00,5.132677E-02,0.000000E+00,1.261623E+03,3.763015E+01,4.582607E-02,3.690328E-03,2.237983E+03,0.000000E+00,8.129251E-02,0.000000E+00,2.571866E+03,0.000000E+00,9.342585E-02,0.000000E+00,1.307413E+03,0.000000E+00,4.749299E-02,0.000000E+00 
20:15:00,4.174446E+03,4.651754E+01,1.516297E-01,4.561882E-03,1.187359E+03,0.000000E+00,4.312827E-02,0.000000E+00,3.137579E+03,0.000000E+00,1.139673E-01,0.000000E+00,1.417468E+03,0.000000E+00,5.148719E-02,0.000000E+00,1.264762E+03,2.841180E+01,4.593959E-02,2.786291E-03,2.245507E+03,0.000000E+00,8.156482E-02,0.000000E+00,2.585484E+03,0.000000E+00,9.391932E-02,0.000000E+00,1.314238E+03,0.000000E+00,4.774029E-02,0.000000E+00 
20:30:00,4.186017E+03,2.050625E+01,1.520485E-01,2.011001E-03,1.190185E+03,0.000000E+00,4.323054E-02,0.000000E+00,3.146330E+03,0.000000E+00,1.142841E-01,0.000000E+00,1.421448E+03,0.000000E+00,5.163127E-02,0.000000E+00,1.267588E+03,1.975117E+01,4.604183E-02,1.936955E-03,2.252292E+03,0.000000E+00,8.181042E-02,0.000000E+00,2.597690E+03,0.000000E+00,9.436162E-02,0.000000E+00,1.320343E+03,0.000000E+00,4.796151E-02,0.000000E+00 
20:45:00,4.196489E+03,5.539287E+00,1.524276E-01,5.432236E-04,1.192744E+03,0.000000E+00,4.332320E-02,0.000000E+00,3.154242E+03,0.000000E+00,1.145705E-01,0.000000E+00,1.425044E+03,0.000000E+00,5.176145E-02,0.000000E+00,1.270146E+03,1.160343E+01,4.613445E-02,1.137922E-03,2.258443E+03,0.000000E+00,8.203318E-02,0.000000E+00,2.608687E+03,0.000000E+00,9.476009E-02,0.000000E+00,1.325836E+03,0.000000E+00,4.816054E-02,0.000000E+00 
21:00:00,4.206037E+03,0.000000E+00,1.527735E-01,0.000000E+00,1.195080E+03,0.000000E+00,4.340779E-02,0.000000E+00,3.161448E+03,0.000000E+00,1.148315E-01,0.000000E+00,1.428317E+03,0.000000E+00,5.187998E-02,0.000000E+00,1.272479E+03,5.693642E+00,4.621894E-02,5.583613E-04,2.264062E+03,0.000000E+00,8.223669E-02,0.000000E+00,2.618669E+03,0.000000E+00,9.512174E-02,0.000000E+00,1.330817E+03,0.000000E+00,4.834101E-02,0.000000E+00 
21:15:00,4.214798E+03,0.000000E+00,1.530908E-01,0.000000E+00,1.197224E+03,0.000000E+00,4.348548E-02,0.000000E+00,3.168054E+03,0.000000E+00,1.150708E-01,0.000000E+00,1.431315E+03,0.000000E+00,5.198860E-02,0.000000E+00,1.274619E+03,1.860296E+00,4.629650E-02,1.824343E-04,2.269227E+03,0.000000E+00,8.242380E-02,0.000000E+00,2.627787E+03,0.000000E+00,9.545210E-02,0.000000E+00,1.335365E+03,0.000000E+00,4.850582E-02,0.000000E+00 
21:30:00,4.222874E+03,0.000000E+00,1.533835E-01,0.000000E+00,1.199202E+03,0.000000E+00,4.355715E-02,0.000000E+00,3.174138E+03,0.000000E+00,1.152913E-01,0.000000E+00,1.434076E+03,0.000000E+00,5.208862E-02,0.000000E+00,1.276592E+03,0.000000E+00,4.636800E-02,0.000000E+00,2.273995E+03,0.000000E+00,8.259658E-02,0.000000E+00,2.636156E+03,0.000000E+00,9.575537E-02,0.000000E+00,1.339541E+03,0.000000E+00,4.865713E-02,0.000000E+00 
21:45:00,4.230387E+03,0.000000E+00,1.536558E-01,0.000000E+00,1.201042E+03,0.000000E+00,4.362386E-02,0.000000E+00,3.179792E+03,0.000000E+00,1.154962E-01,0.000000E+00,1.436640E+03,0.000000E+00,5.218158E-02,0.000000E+00,1.278426E+03,0.000000E+00,4.643448E-02,0.000000E+00,2.278437E+03,0.000000E+00,8.275757E-02,0.000000E+00,2.643914E+03,0.000000E+00,9.603647E-02,0.000000E+00,1.343414E+03,0.000000E+00,4.879747E-02,0.000000E+00 
22:00:00,4.237391E+03,0.000000E+00,1.539097E-01,0.000000E+00,1.202758E+03,0.000000E+00,4.368609E-02,0.000000E+00,3.185061E+03,0.000000E+00,1.156872E-01,0.000000E+00,1.439030E+03,0.000000E+00,5.226820E-02,0.000000E+00,1.280134E+03,0.000000E+00,4.649645E-02,0.000000E+00,2.282585E+03,0.000000E+00,8.290791E-02,0.000000E+00,2.651124E+03,0.000000E+00,9.629775E-02,0.000000E+00,1.347017E+03,0.000000E+00,4.892805E-02,0.000000E+00 
22:15:00,4.243930E+03,0.000000E+00,1.541468E-01,0.000000E+00,1.204360E+03,0.000000E+00,4.374421E-02,0.000000E+00,3.189977E+03,0.000000E+00,1.158655E-01,0.000000E+00,1.441259E+03,0.000000E+00,5.234903E-02,0.000000E+00,1.281728E+03,0.000000E+00,4.655425E-02,0.000000E+00,2.286461E+03,0.000000E+00,8.304846E-02,0.000000E+00,2.657836E+03,0.000000E+00,9.654096E-02,0.000000E+00,1.350376E+03,0.000000E+00,4.904978E-02,0.000000E+00 
22:30:00,4.250044E+03,0.000000E+00,1.543685E-01,0.000000E+00,1.205858E+03,0.000000E+00,4.379856E-02,0.000000E+00,3.194571E+03,0.000000E+00,1.160321E-01,0.000000E+00,1.443342E+03,0.000000E+00,5.242457E-02,0.000000E+00,1.283216E+03,0.000000E+00,4.660826E-02,0.000000E+00,2.290089E+03,0.000000E+00,8.318005E-02,0.000000E+00,2.664095E+03,0.000000E+00,9.676780E-02,0.000000E+00,1.353514E+03,0.000000E+00,4.916350E-02,0.000000E+00 
22:45:00,4.255769E+03,0.000000E+00,1.545762E-01,0.000000E+00,1.207261E+03,0.000000E+00,4.384946E-02,0.000000E+00,3.198870E+03,0.000000E+00,1.161880E-01,0.000000E+00,1.445291E+03,0.000000E+00,5.249528E-02,0.000000E+00,1.284609E+03,0.000000E+00,4.665879E-02,0.000000E+00,2.293491E+03,0.000000E+00,8.330341E-02,0.000000E+00,2.669942E+03,0.000000E+00,9.697975E-02,0.000000E+00,1.356451E+03,0.000000E+00,4.926997E-02,0.000000E+00 
23:00:00,4.261138E+03,0.000000E+00,1.547710E-01,0.000000E+00,1.208576E+03,0.000000E+00,4.389719E-02,0.000000E+00,3.202901E+03,0.000000E+00,1.163342E-01,0.000000E+00,1.447118E+03,0.000000E+00,5.256156E-02,0.000000E+00,1.285913E+03,0.000000E+00,4.670613E-02,0.000000E+00,2.296683E+03,0.000000E+00,8.341922E-02,0.000000E+00,2.675415E+03,0.000000E+00,9.717810E-02,0.000000E+00,1.359206E+03,0.000000E+00,4.936981E-02,0.000000E+00 
23:15:00,4.266179E+03,0.000000E+00,1.549539E-01,0.000000E+00,1.209811E+03,0.000000E+00,4.394198E-02,0.000000E+00,3.206683E+03,0.000000E+00,1.164715E-01,0.000000E+00,1.448833E+03,0.000000E+00,5.262377E-02,0.000000E+00,1.287137E+03,0.000000E+00,4.675054E-02,0.000000E+00,2.299683E+03,0.000000E+00,8.352806E-02,0.000000E+00,2.680544E+03,0.000000E+00,9.736402E-02,0.000000E+00,1.361793E+03,0.000000E+00,4.946360E-02,0.000000E+00 
23:30:00,4.270918E+03,0.000000E+00,1.551259E-01,0.000000E+00,1.210970E+03,0.000000E+00,4.398408E-02,0.000000E+00,3.210238E+03,0.000000E+00,1.166005E-01,0.000000E+00,1.450444E+03,0.000000E+00,5.268222E-02,0.000000E+00,1.288285E+03,0.000000E+00,4.679223E-02,0.000000E+00,2.302506E+03,0.000000E+00,8.363047E-02,0.000000E+00,2.685357E+03,0.000000E+00,9.753853E-02,0.000000E+00,1.364227E+03,0.000000E+00,4.955185E-02,0.000000E+00 
23:45:00,4.275378E+03,0.000000E+00,1.552877E-01,0.000000E+00,1.212061E+03,0.000000E+00,4.402366E-02,0.000000E+00,3.213582E+03,0.000000E+00,1.167219E-01,0.000000E+00,1.451959E+03,0.000000E+00,5.273721E-02,0.000000E+00,1.289364E+03,0.000000E+00,4.683141E-02,0.000000E+00,2.305164E+03,0.000000E+00,8.372692E-02,0.000000E+00,2.689881E+03,0.000000E+00,9.770254E-02,0.000000E+00,1.366520E+03,0.000000E+00,4.963499E-02,0.000000E+00 
24:00:00,4.279579E+03,0.000000E+00,1.554402E-01,0.000000E+00,1.213087E+03,0.000000E+00,4.406093E-02,0.000000E+00,3.216732E+03,0.000000E+00,1.168362E-01,0.000000E+00,1.453385E+03,0.000000E+00,5.278899E-02,0.000000E+00,1.290380E+03,0.000000E+00,4.686828E-02,0.000000E+00,2.307669E+03,0.000000E+00,8.381784E-02,0.000000E+00,2.694138E+03,0.000000E+00,9.785689E-02,0.000000E+00,1.368683E+03,0.000000E+00,4.971342E-02,0.000000E+00 
Peak,4.342108E+03,1.741903E+03,1.577109E-01,1.708571E-01,1.228051E+03,2.295205E+02,4.460436E-02,2.251271E-02,3.263684E+03,1.111797E+03,1.185411E-01,1.090551E-01,1.474534E+03,2.241273E+02,5.355696E-02,2.198465E-02,1.305149E+03,7.012080E+02,4.740467E-02,6.877558E-02,2.345001E+03,3.086679E+02,8.517343E-02,3.027823E-02,2.758355E+03,9.268023E+01,1.001871E-01,9.089400E-03,1.402304E+03,0.000000E+00,5.093351E-02,0.000000E+00 

Peak Vol Flow (m3/s),,,1.309866E-01,1.419051E-01,,,3.704610E-02,1.869790E-02,,,9.845421E-02,9.057558E-02,,,4.448167E-02,1.825932E-02,,,3.937189E-02,5.712147E-02,,,7.074069E-02,2.514755E-02,,,8.321025E-02,7.549190E-03,,,4.230277E-02,0.000000E+00 
